{"hashes":{"00af3f07b5abb71f6d30337e1eef62fa280f06ef19485c0cf6b72171f92ccc0a":{"appid":"kpfehajjjbbcifeehjgfgnabifknmdad","fp":""},"1ab07e887acca305058eeab9053c96dc531c2c5c067ab4f30afa2b31f1edd966":{"appid":"oankkpibpaokgecfckkdkgaoafllipag","fp":""},"455d1a3b5f7fa199f27cb165fa6f54df7972fbb6c62d422a14c2415791175931":{"appid":"pghocgajpebopihickglahgebcmkcekh","fp":""},"4b81b4df3ad971287e1ae02c449344fcfa5d20431de17b2ba8854cc9cdce4089":{"appid":"ahmaebgpfccdhgidjaidaoojjcijckba","fp":""},"5110a67904f33f66a66cc9be4dd3da419a596de32daae8f62baa998d3be5ca83":{"appid":"ndikpojcjlepofdkaaldkinkjbeeebkl","fp":""},"6b1561d18d6d7d238c1fa4fb8aef54e1f1e6b574d958bc0a41ca955f90afd7dc":{"appid":"fgbafbciocncjfbbonhocjaohoknlaco","fp":""},"95fd9d48e4fc245a3f3a99a3a16ecd1355050ba3f4afc555f19a97c7f9b49677":{"appid":"ohckeflnhegojcjlcpbfpciadgikcohk","fp":""},"a81d1959892ae4180554347df1b97834abba2e1a5e6b9aeba000ecea26eabecc":{"appid":"fppmbhmldokgmleojlplaaodlkibgikh","fp":""},"a99d66cfce8ca170740ce0403956f4dfaf4683829a89f4b7ad9c95303871e284":{"appid":"eeobbhfgfagbclfofmgbdfoicabjdbkn","fp":""},"b987bdc4f2ad2a409b964921d4a5db1cdbe07f9c98f868293b4cc32acdc42cec":{"appid":"alpjnmnfbgfkmmpcfpejmmoebdndedno","fp":""}}}